neighbourhood,date,monthly_rate,number_active_cases
Bayshore - Belltown,April 2021,1137,131
Bayshore - Belltown,March 2021,540,62
Bayshore - Belltown,February 2021,444,51
Bayshore - Belltown,January 2021,448,51
Bayshore - Belltown,December 2020,241,28
Bayshore - Belltown,November 2020,270,31
Bayshore - Belltown,October 2020,363,42
Bayshore - Belltown,September 2020,200,23
Bayshore - Belltown,August 2020,127,15
Bayshore - Belltown,July 2020,69,8
Beacon Hill South - Cardinal Heights,April 2021,618,54
Beacon Hill South - Cardinal Heights,March 2021,149,13
Beacon Hill South - Cardinal Heights,February 2021,309,27
Beacon Hill South - Cardinal Heights,January 2021,332,29
Beacon Hill South - Cardinal Heights,December 2020,172,15
Beacon Hill South - Cardinal Heights,November 2020,137,12
Beacon Hill South - Cardinal Heights,October 2020,240,21
Beacon Hill South - Cardinal Heights,September 2020,195,17
Beacon Hill South - Cardinal Heights,August 2020,69,6
Beacon Hill South - Cardinal Heights,July 2020,Suppressed,<5
Beaverbrook,April 2021,468,35
Beaverbrook,March 2021,147,11
Beaverbrook,February 2021,Suppressed,<5
Beaverbrook,January 2021,80,6
Beaverbrook,December 2020,Suppressed,<5
Beaverbrook,November 2020,Suppressed,<5
Beaverbrook,October 2020,153,11
Beaverbrook,September 2020,Suppressed,<5
Beaverbrook,August 2020,Suppressed,<5
Beaverbrook,July 2020,Suppressed,<5
Beechwood Cemetery,April 2021,Suppressed,<5
Beechwood Cemetery,March 2021,Suppressed,<5
Beechwood Cemetery,February 2021,Suppressed,<5
Beechwood Cemetery,January 2021,Suppressed,<5
Beechwood Cemetery,December 2020,Suppressed,<5
Beechwood Cemetery,November 2020,Suppressed,<5
Beechwood Cemetery,October 2020,Suppressed,<5
Beechwood Cemetery,September 2020,Suppressed,<5
Beechwood Cemetery,August 2020,Suppressed,<5
Beechwood Cemetery,July 2020,Suppressed,<5
Bells Corners East,April 2021,575,30
Bells Corners East,March 2021,212,11
Bells Corners East,February 2021,Suppressed,<5
Bells Corners East,January 2021,Suppressed,<5
Bells Corners East,December 2020,Suppressed,<5
Bells Corners East,November 2020,Suppressed,<5
Bells Corners East,October 2020,96,5
Bells Corners East,September 2020,Suppressed,<5
Bells Corners East,August 2020,Suppressed,<5
Bells Corners East,July 2020,Suppressed,<5
Bells Corners West,April 2021,341,16
Bells Corners West,March 2021,265,13
Bells Corners West,February 2021,Suppressed,<5
Bells Corners West,January 2021,170,8
Bells Corners West,December 2020,105,5
Bells Corners West,November 2020,130,6
Bells Corners West,October 2020,210,10
Bells Corners West,September 2020,246,12
Bells Corners West,August 2020,Suppressed,<5
Bells Corners West,July 2020,Suppressed,<5
Billings Bridge - Alta Vista,April 2021,605,87
Billings Bridge - Alta Vista,March 2021,334,48
Billings Bridge - Alta Vista,February 2021,223,32
Billings Bridge - Alta Vista,January 2021,202,29
Billings Bridge - Alta Vista,December 2020,132,19
Billings Bridge - Alta Vista,November 2020,42,6
Billings Bridge - Alta Vista,October 2020,204,29
Billings Bridge - Alta Vista,September 2020,156,22
Billings Bridge - Alta Vista,August 2020,Suppressed,<5
Billings Bridge - Alta Vista,July 2020,Suppressed,<5
Blackburn Hamlet,April 2021,689,62
Blackburn Hamlet,March 2021,166,15
Blackburn Hamlet,February 2021,Suppressed,<5
Blackburn Hamlet,January 2021,180,16
Blackburn Hamlet,December 2020,89,8
Blackburn Hamlet,November 2020,Suppressed,<5
Blackburn Hamlet,October 2020,177,16
Blackburn Hamlet,September 2020,66,6
Blackburn Hamlet,August 2020,56,5
Blackburn Hamlet,July 2020,Suppressed,<5
Borden Farm - Fisher Glen,April 2021,544,44
Borden Farm - Fisher Glen,March 2021,415,34
Borden Farm - Fisher Glen,February 2021,160,13
Borden Farm - Fisher Glen,January 2021,224,18
Borden Farm - Fisher Glen,December 2020,68,6
Borden Farm - Fisher Glen,November 2020,62,5
Borden Farm - Fisher Glen,October 2020,234,19
Borden Farm - Fisher Glen,September 2020,Suppressed,<5
Borden Farm - Fisher Glen,August 2020,Suppressed,<5
Borden Farm - Fisher Glen,July 2020,Suppressed,<5
Braemar Park - Bel Air Heights - Copeland Park,April 2021,620,45
Braemar Park - Bel Air Heights - Copeland Park,March 2021,181,13
Braemar Park - Bel Air Heights - Copeland Park,February 2021,69,5
Braemar Park - Bel Air Heights - Copeland Park,January 2021,Suppressed,<5
Braemar Park - Bel Air Heights - Copeland Park,December 2020,69,5
Braemar Park - Bel Air Heights - Copeland Park,November 2020,96,7
Braemar Park - Bel Air Heights - Copeland Park,October 2020,193,14
Braemar Park - Bel Air Heights - Copeland Park,September 2020,100,7
Braemar Park - Bel Air Heights - Copeland Park,August 2020,Suppressed,<5
Braemar Park - Bel Air Heights - Copeland Park,July 2020,69,5
Briar Green - Leslie Park,April 2021,486,28
Briar Green - Leslie Park,March 2021,174,10
Briar Green - Leslie Park,February 2021,Suppressed,<5
Briar Green - Leslie Park,January 2021,243,14
Briar Green - Leslie Park,December 2020,156,9
Briar Green - Leslie Park,November 2020,209,12
Briar Green - Leslie Park,October 2020,174,10
Briar Green - Leslie Park,September 2020,Suppressed,<5
Briar Green - Leslie Park,August 2020,Suppressed,<5
Briar Green - Leslie Park,July 2020,Suppressed,<5
Bridlewood - Emerald Meadows,April 2021,507,143
Bridlewood - Emerald Meadows,March 2021,259,73
Bridlewood - Emerald Meadows,February 2021,21,6
Bridlewood - Emerald Meadows,January 2021,188,53
Bridlewood - Emerald Meadows,December 2020,89,25
Bridlewood - Emerald Meadows,November 2020,43,12
Bridlewood - Emerald Meadows,October 2020,110,31
Bridlewood - Emerald Meadows,September 2020,32,9
Bridlewood - Emerald Meadows,August 2020,43,12
Bridlewood - Emerald Meadows,July 2020,Suppressed,<5
Britannia Village,April 2021,416,30
Britannia Village,March 2021,236,17
Britannia Village,February 2021,Suppressed,<5
Britannia Village,January 2021,180,13
Britannia Village,December 2020,Suppressed,<5
Britannia Village,November 2020,Suppressed,<5
Britannia Village,October 2020,222,16
Britannia Village,September 2020,97,7
Britannia Village,August 2020,Suppressed,<5
Britannia Village,July 2020,Suppressed,<5
Brookside - Briarbrook - Morgan's Grant,April 2021,429,75
Brookside - Briarbrook - Morgan's Grant,March 2021,212,37
Brookside - Briarbrook - Morgan's Grant,February 2021,74,13
Brookside - Briarbrook - Morgan's Grant,January 2021,154,27
Brookside - Briarbrook - Morgan's Grant,December 2020,114,20
Brookside - Briarbrook - Morgan's Grant,November 2020,86,15
Brookside - Briarbrook - Morgan's Grant,October 2020,257,45
Brookside - Briarbrook - Morgan's Grant,September 2020,57,10
Brookside - Briarbrook - Morgan's Grant,August 2020,Suppressed,<5
Brookside - Briarbrook - Morgan's Grant,July 2020,Suppressed,<5
Byward Market,April 2021,870,64
Byward Market,March 2021,368,27
Byward Market,February 2021,1290,95
Byward Market,January 2021,490,36
Byward Market,December 2020,Suppressed,<5
Byward Market,November 2020,68,5
Byward Market,October 2020,192,14
Byward Market,September 2020,109,8
Byward Market,August 2020,Suppressed,<5
Byward Market,July 2020,Suppressed,<5
Cardinal Creek,April 2021,413,55
Cardinal Creek,March 2021,391,52
Cardinal Creek,February 2021,120,16
Cardinal Creek,January 2021,218,29
Cardinal Creek,December 2020,165,22
Cardinal Creek,November 2020,120,16
Cardinal Creek,October 2020,263,35
Cardinal Creek,September 2020,159,21
Cardinal Creek,August 2020,68,9
Cardinal Creek,July 2020,Suppressed,<5
Carleton Heights - Rideauview,April 2021,786,57
Carleton Heights - Rideauview,March 2021,235,17
Carleton Heights - Rideauview,February 2021,138,10
Carleton Heights - Rideauview,January 2021,414,30
Carleton Heights - Rideauview,December 2020,138,10
Carleton Heights - Rideauview,November 2020,110,8
Carleton Heights - Rideauview,October 2020,221,16
Carleton Heights - Rideauview,September 2020,290,21
Carleton Heights - Rideauview,August 2020,Suppressed,<5
Carleton Heights - Rideauview,July 2020,Suppressed,<5
Carleton University,April 2021,Suppressed,13
Carleton University,March 2021,Suppressed,<5
Carleton University,February 2021,Suppressed,<5
Carleton University,January 2021,Suppressed,7
Carleton University,December 2020,Suppressed,<5
Carleton University,November 2020,Suppressed,<5
Carleton University,October 2020,Suppressed,<5
Carleton University,September 2020,Suppressed,5
Carleton University,August 2020,Suppressed,<5
Carleton University,July 2020,Suppressed,<5
Carlington,April 2021,923,106
Carlington,March 2021,127,15
Carlington,February 2021,78,9
Carlington,January 2021,227,26
Carlington,December 2020,53,6
Carlington,November 2020,201,23
Carlington,October 2020,473,54
Carlington,September 2020,327,38
Carlington,August 2020,70,8
Carlington,July 2020,109,13
Carlingwood West - Glabar Park - McKellar Heights,April 2021,597,61
Carlingwood West - Glabar Park - McKellar Heights,March 2021,176,18
Carlingwood West - Glabar Park - McKellar Heights,February 2021,108,11
Carlingwood West - Glabar Park - McKellar Heights,January 2021,78,8
Carlingwood West - Glabar Park - McKellar Heights,December 2020,107,11
Carlingwood West - Glabar Park - McKellar Heights,November 2020,Suppressed,<5
Carlingwood West - Glabar Park - McKellar Heights,October 2020,108,11
Carlingwood West - Glabar Park - McKellar Heights,September 2020,98,10
Carlingwood West - Glabar Park - McKellar Heights,August 2020,Suppressed,<5
Carlingwood West - Glabar Park - McKellar Heights,July 2020,Suppressed,<5
Carp,April 2021,206,16
Carp,March 2021,76,6
Carp,February 2021,Suppressed,<5
Carp,January 2021,Suppressed,<5
Carp,December 2020,Suppressed,<5
Carp,November 2020,69,5
Carp,October 2020,125,10
Carp,September 2020,Suppressed,<5
Carp,August 2020,Suppressed,<5
Carp,July 2020,Suppressed,<5
Carson Grove - Carson Meadows,April 2021,517,68
Carson Grove - Carson Meadows,March 2021,456,60
Carson Grove - Carson Meadows,February 2021,144,19
Carson Grove - Carson Meadows,January 2021,388,51
Carson Grove - Carson Meadows,December 2020,137,18
Carson Grove - Carson Meadows,November 2020,144,19
Carson Grove - Carson Meadows,October 2020,296,39
Carson Grove - Carson Meadows,September 2020,258,34
Carson Grove - Carson Meadows,August 2020,61,8
Carson Grove - Carson Meadows,July 2020,38,5
Centrepointe,April 2021,482,38
Centrepointe,March 2021,140,11
Centrepointe,February 2021,Suppressed,<5
Centrepointe,January 2021,102,8
Centrepointe,December 2020,63,5
Centrepointe,November 2020,127,10
Centrepointe,October 2020,102,8
Centrepointe,September 2020,Suppressed,<5
Centrepointe,August 2020,Suppressed,<5
Centrepointe,July 2020,Suppressed,<5
Centretown,April 2021,786,251
Centretown,March 2021,276,88
Centretown,February 2021,119,38
Centretown,January 2021,188,60
Centretown,December 2020,94,30
Centretown,November 2020,94,30
Centretown,October 2020,144,46
Centretown,September 2020,128,41
Centretown,August 2020,25,8
Centretown,July 2020,22,7
Chapel Hill North,April 2021,592,70
Chapel Hill North,March 2021,118,14
Chapel Hill North,February 2021,42,5
Chapel Hill North,January 2021,269,32
Chapel Hill North,December 2020,93,11
Chapel Hill North,November 2020,Suppressed,<5
Chapel Hill North,October 2020,311,37
Chapel Hill North,September 2020,193,23
Chapel Hill North,August 2020,118,14
Chapel Hill North,July 2020,59,7
Chapel Hill South,April 2021,858,122
Chapel Hill South,March 2021,251,36
Chapel Hill South,February 2021,230,33
Chapel Hill South,January 2021,385,55
Chapel Hill South,December 2020,225,32
Chapel Hill South,November 2020,237,34
Chapel Hill South,October 2020,342,49
Chapel Hill South,September 2020,197,28
Chapel Hill South,August 2020,Suppressed,<5
Chapel Hill South,July 2020,Suppressed,<5
Chapman Mills,April 2021,717,97
Chapman Mills,March 2021,154,21
Chapman Mills,February 2021,118,16
Chapman Mills,January 2021,158,21
Chapman Mills,December 2020,114,15
Chapman Mills,November 2020,97,13
Chapman Mills,October 2020,302,41
Chapman Mills,September 2020,74,10
Chapman Mills,August 2020,44,6
Chapman Mills,July 2020,52,7
Chatelaine Village,April 2021,507,26
Chatelaine Village,March 2021,488,25
Chatelaine Village,February 2021,Suppressed,<5
Chatelaine Village,January 2021,215,11
Chatelaine Village,December 2020,Suppressed,<5
Chatelaine Village,November 2020,Suppressed,<5
Chatelaine Village,October 2020,176,9
Chatelaine Village,September 2020,Suppressed,<5
Chatelaine Village,August 2020,Suppressed,<5
Chatelaine Village,July 2020,Suppressed,<5
Cityview - Crestview - Meadowlands,April 2021,846,80
Cityview - Crestview - Meadowlands,March 2021,371,35
Cityview - Crestview - Meadowlands,February 2021,64,6
Cityview - Crestview - Meadowlands,January 2021,552,52
Cityview - Crestview - Meadowlands,December 2020,297,28
Cityview - Crestview - Meadowlands,November 2020,265,25
Cityview - Crestview - Meadowlands,October 2020,233,22
Cityview - Crestview - Meadowlands,September 2020,95,9
Cityview - Crestview - Meadowlands,August 2020,53,5
Cityview - Crestview - Meadowlands,July 2020,Suppressed,<5
Civic Hospital-Central Park,April 2021,658,87
Civic Hospital-Central Park,March 2021,297,39
Civic Hospital-Central Park,February 2021,76,10
Civic Hospital-Central Park,January 2021,226,30
Civic Hospital-Central Park,December 2020,60,8
Civic Hospital-Central Park,November 2020,114,15
Civic Hospital-Central Park,October 2020,225,30
Civic Hospital-Central Park,September 2020,176,23
Civic Hospital-Central Park,August 2020,Suppressed,<5
Civic Hospital-Central Park,July 2020,Suppressed,<5
Constance Bay,April 2021,347,9
Constance Bay,March 2021,238,6
Constance Bay,February 2021,Suppressed,<5
Constance Bay,January 2021,Suppressed,<5
Constance Bay,December 2020,Suppressed,<5
Constance Bay,November 2020,Suppressed,<5
Constance Bay,October 2020,Suppressed,<5
Constance Bay,September 2020,Suppressed,<5
Constance Bay,August 2020,Suppressed,<5
Constance Bay,July 2020,Suppressed,<5
Convent Glen - Orléans Woods,April 2021,404,66
Convent Glen - Orléans Woods,March 2021,122,20
Convent Glen - Orléans Woods,February 2021,92,15
Convent Glen - Orléans Woods,January 2021,123,20
Convent Glen - Orléans Woods,December 2020,92,15
Convent Glen - Orléans Woods,November 2020,67,11
Convent Glen - Orléans Woods,October 2020,172,28
Convent Glen - Orléans Woods,September 2020,98,16
Convent Glen - Orléans Woods,August 2020,Suppressed,<5
Convent Glen - Orléans Woods,July 2020,Suppressed,<5
Corkery,April 2021,Suppressed,9
Corkery,March 2021,Suppressed,<5
Corkery,February 2021,Suppressed,<5
Corkery,January 2021,Suppressed,<5
Corkery,December 2020,Suppressed,<5
Corkery,November 2020,Suppressed,<5
Corkery,October 2020,170,8
Corkery,September 2020,Suppressed,<5
Corkery,August 2020,Suppressed,<5
Corkery,July 2020,Suppressed,<5
Crystal Bay - Lakeview Park,April 2021,296,13
Crystal Bay - Lakeview Park,March 2021,160,7
Crystal Bay - Lakeview Park,February 2021,Suppressed,<5
Crystal Bay - Lakeview Park,January 2021,Suppressed,<5
Crystal Bay - Lakeview Park,December 2020,182,8
Crystal Bay - Lakeview Park,November 2020,Suppressed,<5
Crystal Bay - Lakeview Park,October 2020,114,5
Crystal Bay - Lakeview Park,September 2020,Suppressed,<5
Crystal Bay - Lakeview Park,August 2020,Suppressed,<5
Crystal Bay - Lakeview Park,July 2020,Suppressed,<5
Cumberland,April 2021,801,35
Cumberland,March 2021,412,18
Cumberland,February 2021,Suppressed,<5
Cumberland,January 2021,Suppressed,<5
Cumberland,December 2020,297,13
Cumberland,November 2020,160,7
Cumberland,October 2020,365,16
Cumberland,September 2020,Suppressed,<5
Cumberland,August 2020,Suppressed,<5
Cumberland,July 2020,Suppressed,<5
Dunrobin,April 2021,534,33
Dunrobin,March 2021,101,6
Dunrobin,February 2021,Suppressed,<5
Dunrobin,January 2021,145,9
Dunrobin,December 2020,Suppressed,<5
Dunrobin,November 2020,Suppressed,<5
Dunrobin,October 2020,Suppressed,<5
Dunrobin,September 2020,Suppressed,<5
Dunrobin,August 2020,Suppressed,<5
Dunrobin,July 2020,Suppressed,<5
East Industrial,April 2021,342,8
East Industrial,March 2021,696,16
East Industrial,February 2021,Suppressed,<5
East Industrial,January 2021,404,9
East Industrial,December 2020,324,7
East Industrial,November 2020,Suppressed,<5
East Industrial,October 2020,Suppressed,<5
East Industrial,September 2020,Suppressed,<5
East Industrial,August 2020,Suppressed,<5
East Industrial,July 2020,Suppressed,<5
Edwards - Carlsbad Springs,April 2021,Suppressed,27
Edwards - Carlsbad Springs,March 2021,Suppressed,<5
Edwards - Carlsbad Springs,February 2021,Suppressed,<5
Edwards - Carlsbad Springs,January 2021,334,12
Edwards - Carlsbad Springs,December 2020,142,5
Edwards - Carlsbad Springs,November 2020,Suppressed,<5
Edwards - Carlsbad Springs,October 2020,Suppressed,<5
Edwards - Carlsbad Springs,September 2020,171,6
Edwards - Carlsbad Springs,August 2020,Suppressed,<5
Edwards - Carlsbad Springs,July 2020,Suppressed,<5
Elmvale - Canterbury,April 2021,580,80
Elmvale - Canterbury,March 2021,190,26
Elmvale - Canterbury,February 2021,112,16
Elmvale - Canterbury,January 2021,322,45
Elmvale - Canterbury,December 2020,223,31
Elmvale - Canterbury,November 2020,78,11
Elmvale - Canterbury,October 2020,311,43
Elmvale - Canterbury,September 2020,145,20
Elmvale - Canterbury,August 2020,Suppressed,<5
Elmvale - Canterbury,July 2020,43,6
Emerald Woods - Sawmill Creek,April 2021,1385,88
Emerald Woods - Sawmill Creek,March 2021,445,28
Emerald Woods - Sawmill Creek,February 2021,204,13
Emerald Woods - Sawmill Creek,January 2021,1993,127
Emerald Woods - Sawmill Creek,December 2020,345,22
Emerald Woods - Sawmill Creek,November 2020,570,36
Emerald Woods - Sawmill Creek,October 2020,283,18
Emerald Woods - Sawmill Creek,September 2020,220,14
Emerald Woods - Sawmill Creek,August 2020,Suppressed,<5
Emerald Woods - Sawmill Creek,July 2020,362,23
Fallingbrook,April 2021,541,108
Fallingbrook,March 2021,232,46
Fallingbrook,February 2021,128,25
Fallingbrook,January 2021,122,24
Fallingbrook,December 2020,86,17
Fallingbrook,November 2020,116,23
Fallingbrook,October 2020,136,27
Fallingbrook,September 2020,116,23
Fallingbrook,August 2020,Suppressed,<5
Fallingbrook,July 2020,Suppressed,<5
Findlay Creek,April 2021,1450,182
Findlay Creek,March 2021,339,43
Findlay Creek,February 2021,215,27
Findlay Creek,January 2021,517,65
Findlay Creek,December 2020,215,27
Findlay Creek,November 2020,255,32
Findlay Creek,October 2020,286,36
Findlay Creek,September 2020,151,19
Findlay Creek,August 2020,48,6
Findlay Creek,July 2020,56,7
Fitzroy,April 2021,314,10
Fitzroy,March 2021,178,6
Fitzroy,February 2021,Suppressed,<5
Fitzroy,January 2021,176,5
Fitzroy,December 2020,Suppressed,<5
Fitzroy,November 2020,Suppressed,<5
Fitzroy,October 2020,Suppressed,<5
Fitzroy,September 2020,Suppressed,<5
Fitzroy,August 2020,Suppressed,<5
Fitzroy,July 2020,Suppressed,<5
Glebe - Dows Lake,April 2021,472,68
Glebe - Dows Lake,March 2021,202,29
Glebe - Dows Lake,February 2021,35,5
Glebe - Dows Lake,January 2021,90,13
Glebe - Dows Lake,December 2020,97,14
Glebe - Dows Lake,November 2020,63,9
Glebe - Dows Lake,October 2020,83,12
Glebe - Dows Lake,September 2020,118,17
Glebe - Dows Lake,August 2020,Suppressed,<5
Glebe - Dows Lake,July 2020,Suppressed,<5
Glen Cairn - Kanata South Business Park,April 2021,519,66
Glen Cairn - Kanata South Business Park,March 2021,204,26
Glen Cairn - Kanata South Business Park,February 2021,118,15
Glen Cairn - Kanata South Business Park,January 2021,94,12
Glen Cairn - Kanata South Business Park,December 2020,173,22
Glen Cairn - Kanata South Business Park,November 2020,63,8
Glen Cairn - Kanata South Business Park,October 2020,173,22
Glen Cairn - Kanata South Business Park,September 2020,71,9
Glen Cairn - Kanata South Business Park,August 2020,Suppressed,<5
Glen Cairn - Kanata South Business Park,July 2020,47,6
Greely,April 2021,542,60
Greely,March 2021,326,36
Greely,February 2021,172,19
Greely,January 2021,158,18
Greely,December 2020,63,7
Greely,November 2020,132,15
Greely,October 2020,163,18
Greely,September 2020,63,7
Greely,August 2020,Suppressed,<5
Greely,July 2020,Suppressed,<5
Greenbelt,April 2021,Suppressed,27
Greenbelt,March 2021,Suppressed,5
Greenbelt,February 2021,Suppressed,<5
Greenbelt,January 2021,Suppressed,7
Greenbelt,December 2020,Suppressed,6
Greenbelt,November 2020,Suppressed,<5
Greenbelt,October 2020,Suppressed,<5
Greenbelt,September 2020,Suppressed,<5
Greenbelt,August 2020,Suppressed,<5
Greenbelt,July 2020,Suppressed,<5
Greenboro East,April 2021,797,97
Greenboro East,March 2021,368,45
Greenboro East,February 2021,166,20
Greenboro East,January 2021,602,73
Greenboro East,December 2020,206,25
Greenboro East,November 2020,272,33
Greenboro East,October 2020,333,40
Greenboro East,September 2020,132,16
Greenboro East,August 2020,90,11
Greenboro East,July 2020,99,12
Hawthorne Meadows - Sheffield Glen,April 2021,883,69
Hawthorne Meadows - Sheffield Glen,March 2021,460,36
Hawthorne Meadows - Sheffield Glen,February 2021,205,16
Hawthorne Meadows - Sheffield Glen,January 2021,420,33
Hawthorne Meadows - Sheffield Glen,December 2020,141,11
Hawthorne Meadows - Sheffield Glen,November 2020,141,11
Hawthorne Meadows - Sheffield Glen,October 2020,575,45
Hawthorne Meadows - Sheffield Glen,September 2020,166,13
Hawthorne Meadows - Sheffield Glen,August 2020,115,9
Hawthorne Meadows - Sheffield Glen,July 2020,Suppressed,<5
Hintonburg - Mechanicsville,April 2021,720,84
Hintonburg - Mechanicsville,March 2021,163,19
Hintonburg - Mechanicsville,February 2021,43,5
Hintonburg - Mechanicsville,January 2021,60,7
Hintonburg - Mechanicsville,December 2020,Suppressed,<5
Hintonburg - Mechanicsville,November 2020,77,9
Hintonburg - Mechanicsville,October 2020,283,33
Hintonburg - Mechanicsville,September 2020,120,14
Hintonburg - Mechanicsville,August 2020,Suppressed,<5
Hintonburg - Mechanicsville,July 2020,Suppressed,<5
Hunt Club - Ottawa Airport,April 2021,Suppressed,22
Hunt Club - Ottawa Airport,March 2021,Suppressed,<5
Hunt Club - Ottawa Airport,February 2021,Suppressed,<5
Hunt Club - Ottawa Airport,January 2021,558,14
Hunt Club - Ottawa Airport,December 2020,Suppressed,<5
Hunt Club - Ottawa Airport,November 2020,239,6
Hunt Club - Ottawa Airport,October 2020,Suppressed,<5
Hunt Club - Ottawa Airport,September 2020,Suppressed,<5
Hunt Club - Ottawa Airport,August 2020,Suppressed,<5
Hunt Club - Ottawa Airport,July 2020,Suppressed,<5
Hunt Club East - Western Community,April 2021,656,83
Hunt Club East - Western Community,March 2021,324,41
Hunt Club East - Western Community,February 2021,245,31
Hunt Club East - Western Community,January 2021,538,68
Hunt Club East - Western Community,December 2020,175,22
Hunt Club East - Western Community,November 2020,55,7
Hunt Club East - Western Community,October 2020,237,30
Hunt Club East - Western Community,September 2020,206,26
Hunt Club East - Western Community,August 2020,63,8
Hunt Club East - Western Community,July 2020,63,8
Hunt Club Park,April 2021,1118,112
Hunt Club Park,March 2021,321,32
Hunt Club Park,February 2021,130,13
Hunt Club Park,January 2021,778,78
Hunt Club Park,December 2020,197,20
Hunt Club Park,November 2020,110,11
Hunt Club Park,October 2020,321,32
Hunt Club Park,September 2020,207,21
Hunt Club Park,August 2020,58,6
Hunt Club Park,July 2020,147,15
Hunt Club South Industrial,April 2021,Suppressed,13
Hunt Club South Industrial,March 2021,Suppressed,<5
Hunt Club South Industrial,February 2021,Suppressed,<5
Hunt Club South Industrial,January 2021,Suppressed,<5
Hunt Club South Industrial,December 2020,Suppressed,<5
Hunt Club South Industrial,November 2020,Suppressed,<5
Hunt Club South Industrial,October 2020,Suppressed,<5
Hunt Club South Industrial,September 2020,Suppressed,<5
Hunt Club South Industrial,August 2020,Suppressed,<5
Hunt Club South Industrial,July 2020,Suppressed,<5
Hunt Club Upper -Blossom Park - Timbermill,April 2021,747,73
Hunt Club Upper -Blossom Park - Timbermill,March 2021,118,11
Hunt Club Upper -Blossom Park - Timbermill,February 2021,94,9
Hunt Club Upper -Blossom Park - Timbermill,January 2021,477,47
Hunt Club Upper -Blossom Park - Timbermill,December 2020,224,22
Hunt Club Upper -Blossom Park - Timbermill,November 2020,139,14
Hunt Club Upper -Blossom Park - Timbermill,October 2020,365,36
Hunt Club Upper -Blossom Park - Timbermill,September 2020,215,21
Hunt Club Upper -Blossom Park - Timbermill,August 2020,Suppressed,<5
Hunt Club Upper -Blossom Park - Timbermill,July 2020,71,7
Hunt Club Woods - Quintarra - Revelstoke,April 2021,492,32
Hunt Club Woods - Quintarra - Revelstoke,March 2021,278,18
Hunt Club Woods - Quintarra - Revelstoke,February 2021,108,7
Hunt Club Woods - Quintarra - Revelstoke,January 2021,123,8
Hunt Club Woods - Quintarra - Revelstoke,December 2020,Suppressed,<5
Hunt Club Woods - Quintarra - Revelstoke,November 2020,108,7
Hunt Club Woods - Quintarra - Revelstoke,October 2020,199,13
Hunt Club Woods - Quintarra - Revelstoke,September 2020,123,8
Hunt Club Woods - Quintarra - Revelstoke,August 2020,Suppressed,<5
Hunt Club Woods - Quintarra - Revelstoke,July 2020,Suppressed,<5
Iris - Queensway Terrance South,April 2021,615,40
Iris - Queensway Terrance South,March 2021,399,26
Iris - Queensway Terrance South,February 2021,Suppressed,<5
Iris - Queensway Terrance South,January 2021,92,6
Iris - Queensway Terrance South,December 2020,92,6
Iris - Queensway Terrance South,November 2020,92,6
Iris - Queensway Terrance South,October 2020,415,27
Iris - Queensway Terrance South,September 2020,92,6
Iris - Queensway Terrance South,August 2020,Suppressed,<5
Iris - Queensway Terrance South,July 2020,Suppressed,<5
Island Park - Wellington Village,April 2021,457,29
Island Park - Wellington Village,March 2021,142,9
Island Park - Wellington Village,February 2021,142,9
Island Park - Wellington Village,January 2021,110,7
Island Park - Wellington Village,December 2020,79,5
Island Park - Wellington Village,November 2020,Suppressed,<5
Island Park - Wellington Village,October 2020,Suppressed,<5
Island Park - Wellington Village,September 2020,95,6
Island Park - Wellington Village,August 2020,Suppressed,<5
Island Park - Wellington Village,July 2020,Suppressed,<5
Kanata Lakes - Arcardia,April 2021,246,52
Kanata Lakes - Arcardia,March 2021,132,28
Kanata Lakes - Arcardia,February 2021,24,5
Kanata Lakes - Arcardia,January 2021,118,25
Kanata Lakes - Arcardia,December 2020,43,9
Kanata Lakes - Arcardia,November 2020,33,7
Kanata Lakes - Arcardia,October 2020,78,17
Kanata Lakes - Arcardia,September 2020,Suppressed,<5
Kanata Lakes - Arcardia,August 2020,Suppressed,<5
Kanata Lakes - Arcardia,July 2020,Suppressed,<5
Katimavik - Hazeldean,April 2021,541,67
Katimavik - Hazeldean,March 2021,145,18
Katimavik - Hazeldean,February 2021,Suppressed,<5
Katimavik - Hazeldean,January 2021,65,8
Katimavik - Hazeldean,December 2020,137,17
Katimavik - Hazeldean,November 2020,97,12
Katimavik - Hazeldean,October 2020,81,10
Katimavik - Hazeldean,September 2020,40,5
Katimavik - Hazeldean,August 2020,Suppressed,<5
Katimavik - Hazeldean,July 2020,Suppressed,<5
Kinburn,April 2021,Suppressed,<5
Kinburn,March 2021,Suppressed,<5
Kinburn,February 2021,Suppressed,<5
Kinburn,January 2021,Suppressed,<5
Kinburn,December 2020,Suppressed,<5
Kinburn,November 2020,Suppressed,<5
Kinburn,October 2020,Suppressed,<5
Kinburn,September 2020,Suppressed,<5
Kinburn,August 2020,Suppressed,<5
Kinburn,July 2020,Suppressed,<5
Laurentian,April 2021,132,15
Laurentian,March 2021,194,22
Laurentian,February 2021,Suppressed,<5
Laurentian,January 2021,62,7
Laurentian,December 2020,88,10
Laurentian,November 2020,124,14
Laurentian,October 2020,106,12
Laurentian,September 2020,62,7
Laurentian,August 2020,Suppressed,<5
Laurentian,July 2020,Suppressed,<5
Lebreton Development,April 2021,Suppressed,<5
Lebreton Development,March 2021,Suppressed,<5
Lebreton Development,February 2021,Suppressed,<5
Lebreton Development,January 2021,Suppressed,7
Lebreton Development,December 2020,Suppressed,<5
Lebreton Development,November 2020,Suppressed,<5
Lebreton Development,October 2020,Suppressed,<5
Lebreton Development,September 2020,Suppressed,<5
Lebreton Development,August 2020,Suppressed,<5
Lebreton Development,July 2020,Suppressed,<5
Ledbury - Heron Gate - Ridgemont,April 2021,1267,205
Ledbury - Heron Gate - Ridgemont,March 2021,439,71
Ledbury - Heron Gate - Ridgemont,February 2021,325,53
Ledbury - Heron Gate - Ridgemont,January 2021,1154,187
Ledbury - Heron Gate - Ridgemont,December 2020,599,97
Ledbury - Heron Gate - Ridgemont,November 2020,339,55
Ledbury - Heron Gate - Ridgemont,October 2020,585,95
Ledbury - Heron Gate - Ridgemont,September 2020,395,64
Ledbury - Heron Gate - Ridgemont,August 2020,167,27
Ledbury - Heron Gate - Ridgemont,July 2020,377,61
Lindenlea - New Edinburgh,April 2021,Suppressed,31
Lindenlea - New Edinburgh,March 2021,Suppressed,<5
Lindenlea - New Edinburgh,February 2021,Suppressed,<5
Lindenlea - New Edinburgh,January 2021,243,15
Lindenlea - New Edinburgh,December 2020,Suppressed,<5
Lindenlea - New Edinburgh,November 2020,Suppressed,<5
Lindenlea - New Edinburgh,October 2020,146,9
Lindenlea - New Edinburgh,September 2020,Suppressed,<5
Lindenlea - New Edinburgh,August 2020,Suppressed,<5
Lindenlea - New Edinburgh,July 2020,Suppressed,<5
Lowertown,April 2021,940,71
Lowertown,March 2021,278,21
Lowertown,February 2021,225,17
Lowertown,January 2021,384,29
Lowertown,December 2020,119,9
Lowertown,November 2020,93,7
Lowertown,October 2020,463,35
Lowertown,September 2020,451,34
Lowertown,August 2020,Suppressed,<5
Lowertown,July 2020,Suppressed,<5
Manor Park,April 2021,594,49
Manor Park,March 2021,158,13
Manor Park,February 2021,97,8
Manor Park,January 2021,327,27
Manor Park,December 2020,97,8
Manor Park,November 2020,61,5
Manor Park,October 2020,206,17
Manor Park,September 2020,194,16
Manor Park,August 2020,Suppressed,<5
Manor Park,July 2020,Suppressed,<5
Manotick,April 2021,500,65
Manotick,March 2021,149,19
Manotick,February 2021,Suppressed,<5
Manotick,January 2021,155,20
Manotick,December 2020,88,12
Manotick,November 2020,91,12
Manotick,October 2020,72,9
Manotick,September 2020,44,6
Manotick,August 2020,Suppressed,<5
Manotick,July 2020,Suppressed,<5
Marlborough,April 2021,291,6
Marlborough,March 2021,350,7
Marlborough,February 2021,Suppressed,<5
Marlborough,January 2021,291,6
Marlborough,December 2020,Suppressed,<5
Marlborough,November 2020,Suppressed,<5
Marlborough,October 2020,Suppressed,<5
Marlborough,September 2020,Suppressed,<5
Marlborough,August 2020,Suppressed,<5
Marlborough,July 2020,Suppressed,<5
Merivale Gardens - Grenfell Glen - Pineglen - Country Place,April 2021,Suppressed,14
Merivale Gardens - Grenfell Glen - Pineglen - Country Place,March 2021,Suppressed,<5
Merivale Gardens - Grenfell Glen - Pineglen - Country Place,February 2021,Suppressed,<5
Merivale Gardens - Grenfell Glen - Pineglen - Country Place,January 2021,Suppressed,<5
Merivale Gardens - Grenfell Glen - Pineglen - Country Place,December 2020,304,10
Merivale Gardens - Grenfell Glen - Pineglen - Country Place,November 2020,Suppressed,<5
Merivale Gardens - Grenfell Glen - Pineglen - Country Place,October 2020,Suppressed,<5
Merivale Gardens - Grenfell Glen - Pineglen - Country Place,September 2020,Suppressed,<5
Merivale Gardens - Grenfell Glen - Pineglen - Country Place,August 2020,Suppressed,<5
Merivale Gardens - Grenfell Glen - Pineglen - Country Place,July 2020,Suppressed,<5
Metcalfe,April 2021,642,35
Metcalfe,March 2021,198,11
Metcalfe,February 2021,Suppressed,<5
Metcalfe,January 2021,218,12
Metcalfe,December 2020,289,16
Metcalfe,November 2020,Suppressed,<5
Metcalfe,October 2020,Suppressed,<5
Metcalfe,September 2020,Suppressed,<5
Metcalfe,August 2020,Suppressed,<5
Metcalfe,July 2020,Suppressed,<5
Munster - Ashton,April 2021,354,16
Munster - Ashton,March 2021,220,10
Munster - Ashton,February 2021,Suppressed,<5
Munster - Ashton,January 2021,Suppressed,<5
Munster - Ashton,December 2020,334,15
Munster - Ashton,November 2020,Suppressed,<5
Munster - Ashton,October 2020,Suppressed,<5
Munster - Ashton,September 2020,Suppressed,<5
Munster - Ashton,August 2020,Suppressed,<5
Munster - Ashton,July 2020,Suppressed,<5
Navan - Sarsfield,April 2021,357,24
Navan - Sarsfield,March 2021,232,16
Navan - Sarsfield,February 2021,Suppressed,<5
Navan - Sarsfield,January 2021,212,15
Navan - Sarsfield,December 2020,340,23
Navan - Sarsfield,November 2020,161,11
Navan - Sarsfield,October 2020,305,21
Navan - Sarsfield,September 2020,168,11
Navan - Sarsfield,August 2020,Suppressed,<5
Navan - Sarsfield,July 2020,Suppressed,<5
North Gower - Kars,April 2021,394,19
North Gower - Kars,March 2021,347,17
North Gower - Kars,February 2021,Suppressed,<5
North Gower - Kars,January 2021,187,9
North Gower - Kars,December 2020,Suppressed,<5
North Gower - Kars,November 2020,Suppressed,<5
North Gower - Kars,October 2020,Suppressed,<5
North Gower - Kars,September 2020,Suppressed,<5
North Gower - Kars,August 2020,Suppressed,<5
North Gower - Kars,July 2020,Suppressed,<5
Notre-Dame Cemetery,April 2021,Suppressed,<5
Notre-Dame Cemetery,March 2021,Suppressed,<5
Notre-Dame Cemetery,February 2021,Suppressed,<5
Notre-Dame Cemetery,January 2021,Suppressed,<5
Notre-Dame Cemetery,December 2020,Suppressed,<5
Notre-Dame Cemetery,November 2020,Suppressed,<5
Notre-Dame Cemetery,October 2020,Suppressed,<5
Notre-Dame Cemetery,September 2020,Suppressed,<5
Notre-Dame Cemetery,August 2020,Suppressed,<5
Notre-Dame Cemetery,July 2020,Suppressed,<5
Old Barrhaven East,April 2021,739,218
Old Barrhaven East,March 2021,254,75
Old Barrhaven East,February 2021,61,18
Old Barrhaven East,January 2021,278,82
Old Barrhaven East,December 2020,78,23
Old Barrhaven East,November 2020,139,41
Old Barrhaven East,October 2020,166,49
Old Barrhaven East,September 2020,115,34
Old Barrhaven East,August 2020,54,16
Old Barrhaven East,July 2020,37,11
Old Barrhaven West,April 2021,425,87
Old Barrhaven West,March 2021,98,20
Old Barrhaven West,February 2021,98,20
Old Barrhaven West,January 2021,230,47
Old Barrhaven West,December 2020,68,14
Old Barrhaven West,November 2020,98,20
Old Barrhaven West,October 2020,205,42
Old Barrhaven West,September 2020,78,16
Old Barrhaven West,August 2020,78,16
Old Barrhaven West,July 2020,29,6
Old Ottawa East,April 2021,768,67
Old Ottawa East,March 2021,240,21
Old Ottawa East,February 2021,114,10
Old Ottawa East,January 2021,171,15
Old Ottawa East,December 2020,114,10
Old Ottawa East,November 2020,80,7
Old Ottawa East,October 2020,114,10
Old Ottawa East,September 2020,148,13
Old Ottawa East,August 2020,Suppressed,<5
Old Ottawa East,July 2020,Suppressed,<5
Old Ottawa South,April 2021,291,21
Old Ottawa South,March 2021,337,24
Old Ottawa South,February 2021,Suppressed,<5
Old Ottawa South,January 2021,98,7
Old Ottawa South,December 2020,98,7
Old Ottawa South,November 2020,70,5
Old Ottawa South,October 2020,Suppressed,<5
Old Ottawa South,September 2020,112,8
Old Ottawa South,August 2020,Suppressed,<5
Old Ottawa South,July 2020,Suppressed,<5
Orléans Industrial,April 2021,Suppressed,<5
Orléans Industrial,March 2021,Suppressed,<5
Orléans Industrial,February 2021,Suppressed,<5
Orléans Industrial,January 2021,Suppressed,<5
Orléans Industrial,December 2020,Suppressed,<5
Orléans Industrial,November 2020,Suppressed,<5
Orléans Industrial,October 2020,Suppressed,<5
Orléans Industrial,September 2020,Suppressed,<5
Orléans Industrial,August 2020,Suppressed,<5
Orléans Industrial,July 2020,Suppressed,<5
Orléans Village - Chateauneuf,April 2021,574,66
Orléans Village - Chateauneuf,March 2021,209,24
Orléans Village - Chateauneuf,February 2021,Suppressed,<5
Orléans Village - Chateauneuf,January 2021,209,24
Orléans Village - Chateauneuf,December 2020,174,20
Orléans Village - Chateauneuf,November 2020,61,7
Orléans Village - Chateauneuf,October 2020,156,18
Orléans Village - Chateauneuf,September 2020,130,15
Orléans Village - Chateauneuf,August 2020,113,13
Orléans Village - Chateauneuf,July 2020,Suppressed,<5
Osgoode - Vernon,April 2021,256,14
Osgoode - Vernon,March 2021,124,7
Osgoode - Vernon,February 2021,142,8
Osgoode - Vernon,January 2021,136,8
Osgoode - Vernon,December 2020,159,9
Osgoode - Vernon,November 2020,Suppressed,<5
Osgoode - Vernon,October 2020,Suppressed,<5
Osgoode - Vernon,September 2020,Suppressed,<5
Osgoode - Vernon,August 2020,Suppressed,<5
Osgoode - Vernon,July 2020,Suppressed,<5
Overbrook - McArthur,April 2021,712,169
Overbrook - McArthur,March 2021,236,56
Overbrook - McArthur,February 2021,211,50
Overbrook - McArthur,January 2021,535,127
Overbrook - McArthur,December 2020,198,47
Overbrook - McArthur,November 2020,139,33
Overbrook - McArthur,October 2020,691,164
Overbrook - McArthur,September 2020,274,65
Overbrook - McArthur,August 2020,88,21
Overbrook - McArthur,July 2020,76,18
Parkwood Hills - Stewart Farm,April 2021,713,47
Parkwood Hills - Stewart Farm,March 2021,228,15
Parkwood Hills - Stewart Farm,February 2021,119,8
Parkwood Hills - Stewart Farm,January 2021,292,19
Parkwood Hills - Stewart Farm,December 2020,137,9
Parkwood Hills - Stewart Farm,November 2020,307,20
Parkwood Hills - Stewart Farm,October 2020,506,33
Parkwood Hills - Stewart Farm,September 2020,196,13
Parkwood Hills - Stewart Farm,August 2020,Suppressed,<5
Parkwood Hills - Stewart Farm,July 2020,152,10
Pineview,April 2021,321,23
Pineview,March 2021,265,19
Pineview,February 2021,112,8
Pineview,January 2021,335,24
Pineview,December 2020,98,7
Pineview,November 2020,98,7
Pineview,October 2020,293,21
Pineview,September 2020,139,10
Pineview,August 2020,139,10
Pineview,July 2020,Suppressed,<5
Playfair Park - Lynda Park - Guildwood Estates,April 2021,912,62
Playfair Park - Lynda Park - Guildwood Estates,March 2021,221,15
Playfair Park - Lynda Park - Guildwood Estates,February 2021,235,16
Playfair Park - Lynda Park - Guildwood Estates,January 2021,250,17
Playfair Park - Lynda Park - Guildwood Estates,December 2020,74,5
Playfair Park - Lynda Park - Guildwood Estates,November 2020,118,8
Playfair Park - Lynda Park - Guildwood Estates,October 2020,185,13
Playfair Park - Lynda Park - Guildwood Estates,September 2020,112,8
Playfair Park - Lynda Park - Guildwood Estates,August 2020,Suppressed,<5
Playfair Park - Lynda Park - Guildwood Estates,July 2020,Suppressed,<5
Portobello South,April 2021,869,248
Portobello South,March 2021,240,68
Portobello South,February 2021,250,71
Portobello South,January 2021,419,119
Portobello South,December 2020,293,84
Portobello South,November 2020,155,44
Portobello South,October 2020,230,65
Portobello South,September 2020,146,42
Portobello South,August 2020,53,15
Portobello South,July 2020,25,7
Qualicum - Redwood Park,April 2021,590,29
Qualicum - Redwood Park,March 2021,122,6
Qualicum - Redwood Park,February 2021,Suppressed,<5
Qualicum - Redwood Park,January 2021,143,7
Qualicum - Redwood Park,December 2020,Suppressed,<5
Qualicum - Redwood Park,November 2020,122,6
Qualicum - Redwood Park,October 2020,407,20
Qualicum - Redwood Park,September 2020,Suppressed,<5
Qualicum - Redwood Park,August 2020,Suppressed,<5
Qualicum - Redwood Park,July 2020,122,6
Queenswood Heights,April 2021,495,67
Queenswood Heights,March 2021,44,6
Queenswood Heights,February 2021,37,5
Queenswood Heights,January 2021,170,23
Queenswood Heights,December 2020,140,19
Queenswood Heights,November 2020,67,9
Queenswood Heights,October 2020,163,22
Queenswood Heights,September 2020,37,5
Queenswood Heights,August 2020,Suppressed,<5
Queenswood Heights,July 2020,Suppressed,<5
Richmond,April 2021,582,57
Richmond,March 2021,201,20
Richmond,February 2021,Suppressed,<5
Richmond,January 2021,63,6
Richmond,December 2020,395,39
Richmond,November 2020,97,10
Richmond,October 2020,117,12
Richmond,September 2020,62,6
Richmond,August 2020,Suppressed,<5
Richmond,July 2020,Suppressed,<5
Rideau Crest - Davidson Heights,April 2021,708,113
Rideau Crest - Davidson Heights,March 2021,144,23
Rideau Crest - Davidson Heights,February 2021,82,13
Rideau Crest - Davidson Heights,January 2021,170,27
Rideau Crest - Davidson Heights,December 2020,133,21
Rideau Crest - Davidson Heights,November 2020,216,34
Rideau Crest - Davidson Heights,October 2020,144,23
Rideau Crest - Davidson Heights,September 2020,75,12
Rideau Crest - Davidson Heights,August 2020,31,5
Rideau Crest - Davidson Heights,July 2020,Suppressed,<5
Riverside Park,April 2021,417,21
Riverside Park,March 2021,278,14
Riverside Park,February 2021,Suppressed,<5
Riverside Park,January 2021,556,28
Riverside Park,December 2020,238,12
Riverside Park,November 2020,238,12
Riverside Park,October 2020,179,9
Riverside Park,September 2020,100,5
Riverside Park,August 2020,Suppressed,<5
Riverside Park,July 2020,Suppressed,<5
Riverside South - Leitrim,April 2021,684,133
Riverside South - Leitrim,March 2021,220,43
Riverside South - Leitrim,February 2021,62,12
Riverside South - Leitrim,January 2021,126,24
Riverside South - Leitrim,December 2020,118,23
Riverside South - Leitrim,November 2020,64,12
Riverside South - Leitrim,October 2020,163,32
Riverside South - Leitrim,September 2020,120,23
Riverside South - Leitrim,August 2020,Suppressed,<5
Riverside South - Leitrim,July 2020,Suppressed,<5
Riverview,April 2021,765,52
Riverview,March 2021,339,23
Riverview,February 2021,413,28
Riverview,January 2021,766,52
Riverview,December 2020,Suppressed,<5
Riverview,November 2020,146,10
Riverview,October 2020,191,13
Riverview,September 2020,177,12
Riverview,August 2020,88,6
Riverview,July 2020,Suppressed,<5
Rockcliffe Park,April 2021,394,9
Rockcliffe Park,March 2021,351,8
Rockcliffe Park,February 2021,Suppressed,<5
Rockcliffe Park,January 2021,Suppressed,<5
Rockcliffe Park,December 2020,Suppressed,<5
Rockcliffe Park,November 2020,Suppressed,<5
Rockcliffe Park,October 2020,438,10
Rockcliffe Park,September 2020,Suppressed,<5
Rockcliffe Park,August 2020,Suppressed,<5
Rockcliffe Park,July 2020,Suppressed,<5
Rothwell Heights - Beacon Hill North,April 2021,250,30
Rothwell Heights - Beacon Hill North,March 2021,192,23
Rothwell Heights - Beacon Hill North,February 2021,Suppressed,<5
Rothwell Heights - Beacon Hill North,January 2021,133,16
Rothwell Heights - Beacon Hill North,December 2020,150,18
Rothwell Heights - Beacon Hill North,November 2020,83,10
Rothwell Heights - Beacon Hill North,October 2020,183,22
Rothwell Heights - Beacon Hill North,September 2020,142,17
Rothwell Heights - Beacon Hill North,August 2020,Suppressed,<5
Rothwell Heights - Beacon Hill North,July 2020,158,19
Sandy Hill,April 2021,1088,152
Sandy Hill,March 2021,322,45
Sandy Hill,February 2021,308,43
Sandy Hill,January 2021,629,88
Sandy Hill,December 2020,100,14
Sandy Hill,November 2020,143,20
Sandy Hill,October 2020,436,61
Sandy Hill,September 2020,293,41
Sandy Hill,August 2020,57,8
Sandy Hill,July 2020,Suppressed,<5
Skyline - Fisher Heights,April 2021,745,35
Skyline - Fisher Heights,March 2021,319,15
Skyline - Fisher Heights,February 2021,Suppressed,<5
Skyline - Fisher Heights,January 2021,257,12
Skyline - Fisher Heights,December 2020,383,18
Skyline - Fisher Heights,November 2020,Suppressed,<5
Skyline - Fisher Heights,October 2020,248,12
Skyline - Fisher Heights,September 2020,Suppressed,<5
Skyline - Fisher Heights,August 2020,128,6
Skyline - Fisher Heights,July 2020,Suppressed,<5
South Keys - Greenboro West,April 2021,883,41
South Keys - Greenboro West,March 2021,144,7
South Keys - Greenboro West,February 2021,153,7
South Keys - Greenboro West,January 2021,369,17
South Keys - Greenboro West,December 2020,152,7
South Keys - Greenboro West,November 2020,112,5
South Keys - Greenboro West,October 2020,Suppressed,<5
South Keys - Greenboro West,September 2020,Suppressed,<5
South Keys - Greenboro West,August 2020,Suppressed,<5
South Keys - Greenboro West,July 2020,129,6
Stittsville,April 2021,399,176
Stittsville,March 2021,166,73
Stittsville,February 2021,86,38
Stittsville,January 2021,169,74
Stittsville,December 2020,118,52
Stittsville,November 2020,81,36
Stittsville,October 2020,163,72
Stittsville,September 2020,67,29
Stittsville,August 2020,11,5
Stittsville,July 2020,23,10
Stonebridge - Half Moon Bay - Heart's Desire,April 2021,435,97
Stonebridge - Half Moon Bay - Heart's Desire,March 2021,242,54
Stonebridge - Half Moon Bay - Heart's Desire,February 2021,104,23
Stonebridge - Half Moon Bay - Heart's Desire,January 2021,245,54
Stonebridge - Half Moon Bay - Heart's Desire,December 2020,87,19
Stonebridge - Half Moon Bay - Heart's Desire,November 2020,111,25
Stonebridge - Half Moon Bay - Heart's Desire,October 2020,130,29
Stonebridge - Half Moon Bay - Heart's Desire,September 2020,103,23
Stonebridge - Half Moon Bay - Heart's Desire,August 2020,Suppressed,<5
Stonebridge - Half Moon Bay - Heart's Desire,July 2020,45,10
Tanglewood,April 2021,744,41
Tanglewood,March 2021,253,14
Tanglewood,February 2021,90,5
Tanglewood,January 2021,452,25
Tanglewood,December 2020,199,11
Tanglewood,November 2020,90,5
Tanglewood,October 2020,108,6
Tanglewood,September 2020,90,5
Tanglewood,August 2020,Suppressed,<5
Tanglewood,July 2020,Suppressed,<5
Trend-Arlington,April 2021,210,11
Trend-Arlington,March 2021,246,13
Trend-Arlington,February 2021,97,5
Trend-Arlington,January 2021,192,10
Trend-Arlington,December 2020,174,9
Trend-Arlington,November 2020,Suppressed,<5
Trend-Arlington,October 2020,155,8
Trend-Arlington,September 2020,Suppressed,<5
Trend-Arlington,August 2020,Suppressed,<5
Trend-Arlington,July 2020,Suppressed,<5
Vanier North,April 2021,605,75
Vanier North,March 2021,202,25
Vanier North,February 2021,177,22
Vanier North,January 2021,154,19
Vanier North,December 2020,137,17
Vanier North,November 2020,57,7
Vanier North,October 2020,427,53
Vanier North,September 2020,136,17
Vanier North,August 2020,Suppressed,<5
Vanier North,July 2020,49,6
Vanier South,April 2021,816,65
Vanier South,March 2021,264,21
Vanier South,February 2021,278,22
Vanier South,January 2021,439,35
Vanier South,December 2020,113,9
Vanier South,November 2020,100,8
Vanier South,October 2020,568,45
Vanier South,September 2020,291,23
Vanier South,August 2020,89,7
Vanier South,July 2020,Suppressed,<5
Vars,April 2021,386,10
Vars,March 2021,193,5
Vars,February 2021,Suppressed,<5
Vars,January 2021,348,9
Vars,December 2020,386,10
Vars,November 2020,Suppressed,<5
Vars,October 2020,Suppressed,<5
Vars,September 2020,Suppressed,<5
Vars,August 2020,Suppressed,<5
Vars,July 2020,Suppressed,<5
Wateridge Village,April 2021,Suppressed,12
Wateridge Village,March 2021,Suppressed,<5
Wateridge Village,February 2021,Suppressed,<5
Wateridge Village,January 2021,Suppressed,5
Wateridge Village,December 2020,Suppressed,<5
Wateridge Village,November 2020,Suppressed,<5
Wateridge Village,October 2020,Suppressed,<5
Wateridge Village,September 2020,Suppressed,<5
Wateridge Village,August 2020,Suppressed,<5
Wateridge Village,July 2020,Suppressed,<5
West Centretown,April 2021,645,74
West Centretown,March 2021,226,26
West Centretown,February 2021,157,18
West Centretown,January 2021,209,24
West Centretown,December 2020,157,18
West Centretown,November 2020,88,10
West Centretown,October 2020,175,20
West Centretown,September 2020,174,20
West Centretown,August 2020,Suppressed,<5
West Centretown,July 2020,Suppressed,<5
Westboro,April 2021,506,71
Westboro,March 2021,142,20
Westboro,February 2021,64,9
Westboro,January 2021,114,16
Westboro,December 2020,43,6
Westboro,November 2020,43,6
Westboro,October 2020,185,26
Westboro,September 2020,64,9
Westboro,August 2020,36,5
Westboro,July 2020,43,6
Whitehaven - Queensway Terrace North,April 2021,745,99
Whitehaven - Queensway Terrace North,March 2021,345,46
Whitehaven - Queensway Terrace North,February 2021,157,21
Whitehaven - Queensway Terrace North,January 2021,162,22
Whitehaven - Queensway Terrace North,December 2020,130,17
Whitehaven - Queensway Terrace North,November 2020,128,17
Whitehaven - Queensway Terrace North,October 2020,340,45
Whitehaven - Queensway Terrace North,September 2020,135,18
Whitehaven - Queensway Terrace North,August 2020,101,13
Whitehaven - Queensway Terrace North,July 2020,143,19
Woodvale - Craig Henry - Manordale - Estates of Arlington Woods,April 2021,626,61
Woodvale - Craig Henry - Manordale - Estates of Arlington Woods,March 2021,195,19
Woodvale - Craig Henry - Manordale - Estates of Arlington Woods,February 2021,267,26
Woodvale - Craig Henry - Manordale - Estates of Arlington Woods,January 2021,523,51
Woodvale - Craig Henry - Manordale - Estates of Arlington Woods,December 2020,246,24
Woodvale - Craig Henry - Manordale - Estates of Arlington Woods,November 2020,246,24
Woodvale - Craig Henry - Manordale - Estates of Arlington Woods,October 2020,185,18
Woodvale - Craig Henry - Manordale - Estates of Arlington Woods,September 2020,72,7
Woodvale - Craig Henry - Manordale - Estates of Arlington Woods,August 2020,92,9
Woodvale - Craig Henry - Manordale - Estates of Arlington Woods,July 2020,Suppressed,<5
